index_a,index_b,sequence_a,sequence_b,jaccard_similarity,fold_a,fold_b,fold_pair
29,47,CYFQNC,CYFQNCP,0.8,1,4,1-4
38,49,VVYPWT,LVVYPWT,0.8,3,5,3-5
42,66,YGGFLR,YGGFLRC,0.8,4,3,3-4
44,51,NTGSPYE,NTGSPYE,1.0,2,3,2-3
47,73,CYFQNCP,CYFQNCPR,0.8333333333333334,4,3,3-4
58,81,YAFEVVG,KYAFEVVG,0.8333333333333334,5,2,2-5
58,87,YAFEVVG,RYAFEVVG,0.8333333333333334,5,2,2-5
81,93,KYAFEVVG,KKYAFEVVG,0.8571428571428571,2,4,2-4
98,113,WAGGDASGE,YWAGGDASGE,0.875,2,3,2-3
99,111,YPENGFPEN,YPENGFPENF,0.8571428571428571,3,4,3-4
105,188,LRKLRKRLLR,LRKLRKRLLLRKLRKRLL,0.875,5,3,3-5
111,124,YPENGFPENF,YPENGFPENFA,0.875,4,5,4-5
114,122,YGRKKRRQRRR,YGRKKRRQRRR,1.0,5,2,2-5
139,162,PWVPSWMPPRHT,PWVPSWMPPRHTN,0.9090909090909091,1,3,1-3
143,163,RKRIRLVTKKKR,RKRIRLVTKKKRR,0.9090909090909091,5,2,2-5
143,244,RKRIRLVTKKKR,RKRIRLVTKKKRRKRIRLVTKKKR,0.8333333333333334,5,4,4-5
145,245,RPRTRLHTHRNR,RPRTRLHTHRNRRPRTRLHTHRNR,0.8333333333333334,4,3,3-4
150,165,THRPPMWSPVWP,THRPPMWSPVWPN,0.9090909090909091,4,3,3-4
163,244,RKRIRLVTKKKRR,RKRIRLVTKKKRRKRIRLVTKKKR,0.9166666666666666,2,4,2-4
176,178,RQIKIWFQNRRMKWKK,RQIKIWFQNRRMKWKK,1.0,3,4,3-4
184,189,RGGRLSYSRRRFSTSTGR,RGGRLSYSRRRFSTSTGR,1.0,2,4,2-4
191,195,VRLPPPVRLPPPVRPPP,VRPPPVRLPPPVRLPPP,1.0,2,5,2-5
200,208,CTFFYGGSRGKRNNFKTEE,TFFYGGSRGKRNNFKTEEY,0.8888888888888888,1,2,1-2
205,214,HGLASTLTRWAHYNALIRA,HGLASTLTRWAHYNALIRAF,0.9444444444444444,5,2,2-5
205,233,HGLASTLTRWAHYNALIRA,HGLASTLTRWAHYNALIRAFGGG,0.8095238095238095,5,4,4-5
214,233,HGLASTLTRWAHYNALIRAF,HGLASTLTRWAHYNALIRAFGGG,0.8571428571428571,2,4,2-4
242,248,CKGKGAKCSRLYDCCTGSCRSGKC,CKGKGAKCSRLMYDCCTGSCRSGKC,0.8,1,4,1-4
262,266,DQSRPVQPFLNLTTPRKPRPPRRRQRRKKR,DQSRPVQPFLNLTTPRKPRPPRRQRRKKRG,0.9310344827586207,3,2,2-3
1160,2127,NHLSNTNDNRERQEHNDRRSLGHPEPLS,NTNDNRERQEHNDRRSLGHPEPLSN,0.8846153846153846,2,1,1-2
